{
  "timestamp": "2025-11-25T00:24:10.271677",
  "total_datasets": 12,
  "datasets": {
    "Adiac": {
      "test_accuracy": 0.7340153452685422,
      "training_time": 24.73367691040039,
      "total_epochs": 120,
      "num_classes": 37,
      "input_channels": 1
    },
    "Car": {
      "test_accuracy": 0.8666666666666667,
      "training_time": 18.817768335342407,
      "total_epochs": 120,
      "num_classes": 4,
      "input_channels": 1
    },
    "Chinatown": {
      "test_accuracy": 0.9854227405247813,
      "training_time": 3.180734872817993,
      "total_epochs": 80,
      "num_classes": 2,
      "input_channels": 1
    },
    "Coffee": {
      "test_accuracy": 1.0,
      "training_time": 5.768406867980957,
      "total_epochs": 76,
      "num_classes": 2,
      "input_channels": 1
    },
    "FaceAll": {
      "test_accuracy": 0.9556213017751479,
      "training_time": 22.647786140441895,
      "total_epochs": 46,
      "num_classes": 14,
      "input_channels": 1
    },
    "FordA": {
      "test_accuracy": 0.9393939393939394,
      "training_time": 27.282236337661743,
      "total_epochs": 34,
      "num_classes": 2,
      "input_channels": 1
    },
    "GunPoint": {
      "test_accuracy": 1.0,
      "training_time": 1.796595573425293,
      "total_epochs": 73,
      "num_classes": 2,
      "input_channels": 1
    },
    "Ham": {
      "test_accuracy": 0.7619047619047619,
      "training_time": 2.069995641708374,
      "total_epochs": 35,
      "num_classes": 2,
      "input_channels": 1
    },
    "Meat": {
      "test_accuracy": 0.8333333333333334,
      "training_time": 13.416933536529541,
      "total_epochs": 117,
      "num_classes": 3,
      "input_channels": 1
    },
    "OliveOil": {
      "test_accuracy": 0.4,
      "training_time": 3.285292625427246,
      "total_epochs": 51,
      "num_classes": 4,
      "input_channels": 1
    },
    "Plane": {
      "test_accuracy": 1.0,
      "training_time": 1.6328608989715576,
      "total_epochs": 35,
      "num_classes": 7,
      "input_channels": 1
    },
    "Rock": {
      "test_accuracy": 0.68,
      "training_time": 6.272064924240112,
      "total_epochs": 104,
      "num_classes": 4,
      "input_channels": 1
    }
  },
  "aggregate": {
    "mean_accuracy": 0.8463631740722644,
    "max_accuracy": 1.0,
    "min_accuracy": 0.4,
    "total_training_time": 130.9043526649475
  }
}