{
  "timestamp": "2025-11-25T00:12:50.033621",
  "total_datasets": 12,
  "datasets": {
    "Adiac": {
      "test_accuracy": 0.7058823529411765,
      "training_time": 14.613175392150879,
      "total_epochs": 120,
      "num_classes": 37,
      "input_channels": 1
    },
    "Car": {
      "test_accuracy": 0.36666666666666664,
      "training_time": 0.8053276538848877,
      "total_epochs": 27,
      "num_classes": 4,
      "input_channels": 1
    },
    "Chinatown": {
      "test_accuracy": 0.9854227405247813,
      "training_time": 2.8471295833587646,
      "total_epochs": 80,
      "num_classes": 2,
      "input_channels": 1
    },
    "Coffee": {
      "test_accuracy": 0.5357142857142857,
      "training_time": 0.4662623405456543,
      "total_epochs": 21,
      "num_classes": 2,
      "input_channels": 1
    },
    "FaceAll": {
      "test_accuracy": 0.934319526627219,
      "training_time": 14.073544263839722,
      "total_epochs": 59,
      "num_classes": 14,
      "input_channels": 1
    },
    "FordA": {
      "test_accuracy": 0.9393939393939394,
      "training_time": 32.648375272750854,
      "total_epochs": 34,
      "num_classes": 2,
      "input_channels": 1
    },
    "GunPoint": {
      "test_accuracy": 1.0,
      "training_time": 2.4947075843811035,
      "total_epochs": 73,
      "num_classes": 2,
      "input_channels": 1
    },
    "Ham": {
      "test_accuracy": 0.7428571428571429,
      "training_time": 1.876047134399414,
      "total_epochs": 39,
      "num_classes": 2,
      "input_channels": 1
    },
    "Meat": {
      "test_accuracy": 0.35,
      "training_time": 0.82086181640625,
      "total_epochs": 25,
      "num_classes": 3,
      "input_channels": 1
    },
    "OliveOil": {
      "test_accuracy": 0.4,
      "training_time": 0.4310951232910156,
      "total_epochs": 22,
      "num_classes": 4,
      "input_channels": 1
    },
    "Plane": {
      "test_accuracy": 1.0,
      "training_time": 1.3502020835876465,
      "total_epochs": 35,
      "num_classes": 7,
      "input_channels": 1
    },
    "Rock": {
      "test_accuracy": 0.22,
      "training_time": 1.1534085273742676,
      "total_epochs": 39,
      "num_classes": 4,
      "input_channels": 1
    }
  },
  "aggregate": {
    "mean_accuracy": 0.6816880545604342,
    "max_accuracy": 1.0,
    "min_accuracy": 0.22,
    "total_training_time": 73.58013677597046
  }
}